index,content_id
0,100001
1,100002
2,100003
3,100004
4,100005
5,100006
6,100007
7,100008
8,100009
9,100010
10,100011
11,100012
12,100013
13,100014
14,100015
15,100016
16,100017
17,100018
18,100019
19,100020
20,100021
21,100022
22,100023
23,100024
24,100025
25,100026
26,100027
27,100028
28,100029
29,100030
30,100031
31,100032
32,100033
33,100034
34,100035
35,100036
36,100037
37,100038
38,100039
39,100040
40,100041
41,100042
42,100043
43,100044
44,100045
45,100046
46,100047
47,100048
48,100049
49,100050
50,100051
51,100052
52,100053
53,100054
54,100055
55,100056
56,100057
57,100058
58,100059
59,100060
60,100061
61,100062
62,100063
63,100064
64,100065
65,100066
66,100067
67,100068
68,100069
69,100070
70,100071
71,100072
72,100073
73,100074
74,100075
75,100076
76,100077
77,100078
78,100079
79,100080
80,100081
81,100082
82,100083
83,100084
84,100085
85,100086
86,100087
87,100088
88,100089
89,100090
90,100091
91,100092
92,100093
93,100094
94,100095
95,100096
96,100097
97,100098
98,100099
99,100100
100,100101
101,100102
102,100103
103,100104
104,100105
105,100106
106,100107
107,100108
108,100109
109,100110
110,100111
111,100112
112,100113
113,100114
114,100115
115,100116
116,100117
117,100118
118,100119
119,100120
120,100121
121,100122
122,100123
123,100124
124,100125
125,100126
126,100127
127,100128
128,100129
129,100130
130,100131
131,100132
132,100133
133,100134
134,100135
135,100136
136,100137
137,100138
138,100139
139,100140
140,100141
141,100142
142,100143
143,100144
144,100145
145,100146
146,100147
147,100148
148,100149
149,100150
150,100151
151,100152
152,100153
153,100154
154,100155
155,100156
156,100157
157,100158
158,100159
159,100160
160,100161
161,100162
162,100163
163,100164
164,100165
165,100166
166,100167
167,100168
168,100169
169,100170
170,100171
171,100172
172,100173
173,100174
174,100175
175,100176
176,100177
177,100178
178,100179
179,100180
180,100181
181,100182
182,100183
183,100184
184,100185
185,100186
186,100187
187,100188
188,100189
189,100190
190,100191
191,100192
192,100193
193,100194
194,100195
195,100196
196,100197
197,100198
198,100199
199,100200
200,100201
201,100202
202,100203
203,100204
204,100205
205,100206
206,100207
207,100208
208,100209
209,100210
210,100211
211,100212
212,100213
213,100214
214,100215
215,100216
216,100217
217,100218
218,100219
219,100220
220,100221
221,100222
222,100223
223,100224
224,100225
225,100226
226,100227
227,100228
228,100229
229,100230
230,100231
231,100232
232,100233
233,100234
234,100235
235,100236
236,100237
237,100238
238,100239
239,100240
240,100241
241,100242
242,100243
243,100244
244,100245
245,100246
246,100247
247,100248
248,100249
249,100250
250,100251
251,100252
252,100253
253,100254
254,100255
255,100256
256,100257
257,100258
258,100259
259,100260
260,100261
261,100262
262,100263
263,100264
264,100265
265,100266
266,100267
267,100268
268,100269
269,100270
270,100271
271,100272
272,100273
273,100274
274,100275
275,100276
276,100277
277,100278
278,100279
279,100280
280,100281
281,100282
282,100283
283,100284
284,100285
285,100286
286,100287
287,100288
288,100289
289,100290
290,100291
291,100292
292,100293
293,100294
294,100295
295,100296
296,100297
297,100298
298,100299
299,100300
300,100301
301,100302
302,100303
303,100304
304,100305
305,100306
306,100307
307,100308
308,100309
309,100310
310,100311
311,100312
312,100313
313,100314
314,100315
315,100316
316,100317
317,100318
318,100319
319,100320
320,100321
321,100322
322,100323
323,100324
324,100325
325,100326
326,100327
327,100328
328,100329
329,100330
330,100331
331,100332
332,100333
333,100334
334,100335
335,100336
336,100337
337,100338
338,100339
339,100340
340,100341
341,100342
342,100343
343,100344
344,100345
345,100346
346,100347
347,100348
348,100349
349,100350
350,100351
351,100352
352,100353
353,100354
354,100355
355,100356
356,100357
357,100358
358,100359
359,100360
360,100361
361,100362
362,100363
363,100364
364,100365
365,100366
366,100367
367,100368
368,100369
369,100370
370,100371
371,100372
372,100373
373,100374
374,100375
375,100376
376,100377
377,100378
378,100379
379,100380
380,100381
381,100382
382,100383
383,100384
384,100385
385,100386
386,100387
387,100388
388,100389
389,100390
390,100391
391,100392
392,100393
393,100394
394,100395
395,100396
396,100397
397,100398
398,100399
399,100400
400,100401
401,100402
402,100403
403,100404
404,100405
405,100406
406,100407
407,100408
408,100409
409,100410
410,100411
411,100412
412,100413
413,100414
414,100415
415,100416
416,100417
417,100418
418,100419
419,100420
420,100421
421,100422
422,100423
423,100424
424,100425
425,100426
426,100427
427,100428
428,100429
429,100430
430,100431
431,100432
432,100433
433,100434
434,100435
435,100436
436,100437
437,100438
438,100439
439,100440
440,100441
441,100442
442,100443
443,100444
444,100445
445,100446
446,100447
447,100448
448,100449
449,100450
450,100451
451,100452
452,100453
453,100454
454,100455
455,100456
456,100457
457,100458
458,100459
459,100460
460,100461
461,100462
462,100463
463,100464
464,100465
465,100466
466,100467
467,100468
468,100469
469,100470
470,100471
471,100472
472,100473
473,100474
474,100475
475,100476
476,100477
477,100478
478,100479
479,100480
480,100481
481,100482
482,100483
483,100484
484,100485
485,100486
486,100487
487,100488
488,100489
489,100490
490,100491
491,100492
492,100493
493,100494
494,100495
495,100496
496,100497
497,100498
498,100499
499,100500
500,100501
501,100502
502,100503
503,100504
504,100505
505,100506
506,100507
507,100508
508,100509
509,100510
510,100511
511,100512
512,100513
513,100514
514,100515
515,100516
516,100517
517,100518
518,100519
519,100520
520,100521
521,100522
522,100523
523,100524
524,100525
525,100526
526,100527
527,100528
528,100529
529,100530
530,100531
531,100532
532,100533
533,100534
534,100535
535,100536
536,100537
537,100538
538,100539
539,100540
540,100541
541,100542
542,100543
543,100544
544,100545
545,100546
546,100547
547,100548
548,100549
549,100550
550,100551
551,100552
552,100553
553,100554
554,100555
555,100556
556,100557
557,100558
558,100559
559,100560
560,100561
561,100562
562,100563
563,100564
564,100565
565,100566
566,100567
567,100568
568,100569
569,100570
570,100571
571,100572
572,100573
573,100574
574,100575
575,100576
576,100577
577,100578
578,100579
579,100580
580,100581
581,100582
582,100583
583,100584
584,100585
585,100586
586,100587
587,100588
588,100589
589,100590
590,100591
591,100592
592,100593
593,100594
594,100595
595,100596
596,100597
597,100598
598,100599
599,100600
600,100601
601,100602
602,100603
603,100604
604,100605
605,100606
606,100607
607,100608
608,100609
609,100610
610,100611
611,100612
612,100613
613,100614
614,100615
615,100616
616,100617
617,100618
618,100619
619,100620
620,100621
621,100622
622,100623
623,100624
624,100625
625,100626
626,100627
627,100628
628,100629
629,100630
630,100631
631,100632
632,100633
633,100634
634,100635
635,100636
636,100637
637,100638
638,100639
639,100640
640,100641
641,100642
642,100643
643,100644
644,100645
645,100646
646,100647
647,100648
648,100649
649,100650
650,100651
651,100652
652,100653
653,100654
654,100655
655,100656
656,100657
657,100658
658,100659
659,100660
660,100661
661,100662
662,100663
663,100664
664,100665
665,100666
666,100667
667,100668
668,100669
669,100670
670,100671
671,100672
672,100673
673,100674
674,100675
675,100676
676,100677
677,100678
678,100679
679,100680
680,100681
681,100682
682,100683
683,100684
684,100685
685,100686
686,100687
687,100688
688,100689
689,100690
690,100691
691,100692
692,100693
693,100694
694,100695
695,100696
696,100697
697,100698
698,100699
699,100700
700,100701
701,100702
702,100703
703,100704
704,100705
705,100706
706,100707
707,100708
708,100709
709,100710
710,100711
711,100712
712,100713
713,100714
714,100715
715,100716
716,100717
717,100718
718,100719
719,100720
720,100721
721,100722
722,100723
723,100724
724,100725
725,100726
726,100727
727,100728
728,100729
729,100730
730,100731
731,100732
732,100733
733,100734
734,100735
735,100736
736,100737
737,100738
738,100739
739,100740
740,100741
741,100742
742,100743
743,100744
744,100745
745,100746
746,100747
747,100748
748,100749
749,100750
750,100751
751,100752
752,100753
753,100754
754,100755
755,100756
756,100757
757,100758
758,100759
759,100760
760,100761
761,100762
762,100763
763,100764
764,100765
765,100766
766,100767
767,100768
768,100769
769,100770
770,100771
771,100772
772,100773
773,100774
774,100775
775,100776
776,100777
777,100778
778,100779
779,100780
780,100781
781,100782
782,100783
783,100784
784,100785
785,100786
786,100787
787,100788
788,100789
789,100790
790,100791
791,100792
792,100793
793,100794
794,100795
795,100796
796,100797
797,100798
798,100799
799,100800
800,100801
801,100802
802,100803
803,100804
804,100805
805,100806
806,100807
807,100808
808,100809
809,100810
810,100811
811,100812
812,100813
813,100814
814,100815
815,100816
816,100817
817,100818
818,100819
819,100820
820,100821
821,100822
822,100823
823,100824
824,100825
825,100826
826,100827
827,100828
828,100829
829,100830
830,100831
831,100832
832,100833
833,100834
834,100835
835,100836
836,100837
837,100838
838,100839
839,100840
840,100841
841,100842
842,100843
843,100844
844,100845
845,100846
846,100847
847,100848
848,100849
849,100850
850,100851
851,100852
852,100853
853,100854
854,100855
855,100856
856,100857
857,100858
858,100859
859,100860
860,100861
861,100862
862,100863
863,100864
864,100865
865,100866
866,100867
867,100868
868,100869
869,100870
870,100871
871,100872
872,100873
873,100874
874,100875
875,100876
876,100877
877,100878
878,100879
879,100880
880,100881
881,100882
882,100883
883,100884
884,100885
885,100886
886,100887
887,100888
888,100889
889,100890
890,100891
891,100892
892,100893
893,100894
894,100895
895,100896
896,100897
897,100898
898,100899
899,100900
900,100901
901,100902
902,100903
903,100904
904,100905
905,100906
906,100907
907,100908
908,100909
909,100910
910,100911
911,100912
912,100913
913,100914
914,100915
915,100916
916,100917
917,100918
918,100919
919,100920
920,100921
921,100922
922,100923
923,100924
924,100925
925,100926
926,100927
927,100928
928,100929
929,100930
930,100931
931,100932
932,100933
933,100934
934,100935
935,100936
936,100937
937,100938
938,100939
939,100940
940,100941
941,100942
942,100943
943,100944
944,100945
945,100946
946,100947
947,100948
948,100949
949,100950
950,100951
951,100952
952,100953
953,100954
954,100955
955,100956
956,100957
957,100958
958,100959
959,100960
960,100961
961,100962
962,100963
963,100964
964,100965
965,100966
966,100967
967,100968
968,100969
969,100970
970,100971
971,100972
972,100973
973,100974
974,100975
975,100976
976,100977
977,100978
978,100979
979,100980
980,100981
981,100982
982,100983
983,100984
984,100985
985,100986
986,100987
987,100988
988,100989
989,100990
990,100991
991,100992
992,100993
993,100994
994,100995
995,100996
996,100997
997,100998
998,100999
999,101000
1000,101001
1001,101002
1002,101003
1003,101004
1004,101005
1005,101006
1006,101007
1007,101008
1008,101009
1009,101010
1010,101011
1011,101012
1012,101013
1013,101014
1014,101015
1015,101016
1016,101017
1017,101018
1018,101019
1019,101020
1020,101021
1021,101022
1022,101023
1023,101024
1024,101025
1025,101026
1026,101027
1027,101028
1028,101029
1029,101030
1030,101031
1031,101032
1032,101033
1033,101034
1034,101035
1035,101036
1036,101037
1037,101038
1038,101039
1039,101040
1040,101041
1041,101042
1042,101043
1043,101044
1044,101045
1045,101046
1046,101047
1047,101048
1048,101049
1049,101050
1050,101051
1051,101052
1052,101053
1053,101054
1054,101055
1055,101056
1056,101057
1057,101058
1058,101059
1059,101060
1060,101061
1061,101062
1062,101063
1063,101064
1064,101065
1065,101066
1066,101067
1067,101068
1068,101069
1069,101070
1070,101071
1071,101072
1072,101073
1073,101074
1074,101075
1075,101076
1076,101077
1077,101078
1078,101079
1079,101080
1080,101081
1081,101082
1082,101083
1083,101084
1084,101085
1085,101086
1086,101087
1087,101088
1088,101089
1089,101090
1090,101091
1091,101092
1092,101093
1093,101094
1094,101095
1095,101096
1096,101097
1097,101098
1098,101099
1099,101100
1100,101101
1101,101102
1102,101103
1103,101104
1104,101105
1105,101106
1106,101107
1107,101108
1108,101109
1109,101110
1110,101111
1111,101112
1112,101113
1113,101114
1114,101115
1115,101116
1116,101117
1117,101118
1118,101119
1119,101120
1120,101121
1121,101122
1122,101123
1123,101124
1124,101125
1125,101126
1126,101127
1127,101128
1128,101129
1129,101130
1130,101131
1131,101132
1132,101133
1133,101134
1134,101135
1135,101136
1136,101137
1137,101138
1138,101139
1139,101140
1140,101141
1141,101142
1142,101143
1143,101144
1144,101145
1145,101146
1146,101147
1147,101148
1148,101149
1149,101150
1150,101151
1151,101152
1152,101153
1153,101154
1154,101155
1155,101156
1156,101157
1157,101158
1158,101159
1159,101160
1160,101161
1161,101162
1162,101163
1163,101164
1164,101165
1165,101166
1166,101167
1167,101168
1168,101169
1169,101170
1170,101171
1171,101172
1172,101173
1173,101174
1174,101175
1175,101176
1176,101177
1177,101178
1178,101179
1179,101180
1180,101181
1181,101182
1182,101183
1183,101184
1184,101185
1185,101186
1186,101187
1187,101188
1188,101189
1189,101190
1190,101191
1191,101192
1192,101193
1193,101194
1194,101195
1195,101196
1196,101197
1197,101198
1198,101199
1199,101200
1200,101201
1201,101202
1202,101203
1203,101204
1204,101205
1205,101206
1206,101207
1207,101208
1208,101209
1209,101210
1210,101211
1211,101212
1212,101213
1213,101214
1214,101215
1215,101216
1216,101217
1217,101218
1218,101219
1219,101220
1220,101221
1221,101222
1222,101223
1223,101224
1224,101225
1225,101226
1226,101227
1227,101228
1228,101229
1229,101230
1230,101231
1231,101232
1232,101233
1233,101234
1234,101235
1235,101236
1236,101237
1237,101238
1238,101239
1239,101240
1240,101241
1241,101242
1242,101243
1243,101244
1244,101245
1245,101246
1246,101247
1247,101248
1248,101249
1249,101250
1250,101251
1251,101252
1252,101253
1253,101254
1254,101255
1255,101256
1256,101257
1257,101258
1258,101259
1259,101260
1260,101261
1261,101262
1262,101263
1263,101264
1264,101265
1265,101266
1266,101267
1267,101268
1268,101269
1269,101270
1270,101271
1271,101272
1272,101273
1273,101274
1274,101275
1275,101276
1276,101277
1277,101278
1278,101279
1279,101280
1280,101281
1281,101282
1282,101283
1283,101284
1284,101285
1285,101286
1286,101287
1287,101288
1288,101289
1289,101290
1290,101291
1291,101292
1292,101293
1293,101294
1294,101295
1295,101296
1296,101297
1297,101298
1298,101299
1299,101300
1300,101301
1301,101302
1302,101303
1303,101304
1304,101305
1305,101306
1306,101307
1307,101308
1308,101309
1309,101310
1310,101311
1311,101312
1312,101313
1313,101314
1314,101315
1315,101316
1316,101317
1317,101318
1318,101319
1319,101320
1320,101321
1321,101322
1322,101323
1323,101324
1324,101325
1325,101326
1326,101327
1327,101328
1328,101329
1329,101330
1330,101331
1331,101332
1332,101333
1333,101334
1334,101335
1335,101336
1336,101337
1337,101338
1338,101339
1339,101340
1340,101341
1341,101342
1342,101343
1343,101344
1344,101345
1345,101346
1346,101347
1347,101348
1348,101349
1349,101350
1350,101351
1351,101352
1352,101353
1353,101354
1354,101355
1355,101356
1356,101357
1357,101358
1358,101359
1359,101360
1360,101361
1361,101362
1362,101363
1363,101364
1364,101365
1365,101366
1366,101367
1367,101368
1368,101369
1369,101370
1370,101371
1371,101372
1372,101373
1373,101374
1374,101375
1375,101376
1376,101377
1377,101378
1378,101379
1379,101380
1380,101381
1381,101382
1382,101383
1383,101384
1384,101385
1385,101386
1386,101387
1387,101388
1388,101389
1389,101390
1390,101391
1391,101392
1392,101393
1393,101394
1394,101395
1395,101396
1396,101397
1397,101398
1398,101399
1399,101400
1400,101401
1401,101402
1402,101403
1403,101404
1404,101405
1405,101406
1406,101407
1407,101408
1408,101409
1409,101410
1410,101411
1411,101412
1412,101413
1413,101414
1414,101415
1415,101416
1416,101417
1417,101418
1418,101419
1419,101420
1420,101421
1421,101422
1422,101423
1423,101424
1424,101425
1425,101426
1426,101427
1427,101428
1428,101429
1429,101430
1430,101431
1431,101432
1432,101433
1433,101434
1434,101435
1435,101436
1436,101437
1437,101438
1438,101439
1439,101440
1440,101441
1441,101442
1442,101443
1443,101444
1444,101445
1445,101446
1446,101447
1447,101448
1448,101449
1449,101450
1450,101451
1451,101452
1452,101453
1453,101454
1454,101455
1455,101456
1456,101457
1457,101458
1458,101459
1459,101460
1460,101461
1461,101462
1462,101463
1463,101464
1464,101465
1465,101466
1466,101467
1467,101468
1468,101469
1469,101470
1470,101471
1471,101472
1472,101473
1473,101474
1474,101475
1475,101476
1476,101477
1477,101478
1478,101479
1479,101480
1480,101481
1481,101482
1482,101483
1483,101484
1484,101485
1485,101486
1486,101487
1487,101488
1488,101489
1489,101490
1490,101491
1491,101492
1492,101493
1493,101494
1494,101495
1495,101496
1496,101497
1497,101498
1498,101499
1499,101500
1500,101501
1501,101502
1502,101503
1503,101504
1504,101505
1505,101506
1506,101507
1507,101508
1508,101509
1509,101510
1510,101511
1511,101512
1512,101513
1513,101514
1514,101515
1515,101516
1516,101517
1517,101518
1518,101519
1519,101520
1520,101521
1521,101522
1522,101523
1523,101524
1524,101525
1525,101526
1526,101527
1527,101528
1528,101529
1529,101530
1530,101531
1531,101532
1532,101533
1533,101534
1534,101535
1535,101536
1536,101537
1537,101538
1538,101539
1539,101540
1540,101541
1541,101542
1542,101543
1543,101544
1544,101545
1545,101546
1546,101547
1547,101548
1548,101549
1549,101550
1550,101551
1551,101552
1552,101553
1553,101554
1554,101555
1555,101556
1556,101557
1557,101558
1558,101559
1559,101560
1560,101561
1561,101562
1562,101563
1563,101564
1564,101565
1565,101566
1566,101567
1567,101568
1568,101569
1569,101570
1570,101571
1571,101572
1572,101573
1573,101574
1574,101575
1575,101576
1576,101577
1577,101578
1578,101579
1579,101580
1580,101581
1581,101582
1582,101583
1583,101584
1584,101585
1585,101586
1586,101587
1587,101588
1588,101589
1589,101590
1590,101591
1591,101592
1592,101593
1593,101594
1594,101595
1595,101596
1596,101597
1597,101598
1598,101599
1599,101600
1600,101601
1601,101602
1602,101603
1603,101604
1604,101605
1605,101606
1606,101607
1607,101608
1608,101609
1609,101610
1610,101611
1611,101612
1612,101613
1613,101614
1614,101615
1615,101616
1616,101617
1617,101618
1618,101619
1619,101620
1620,101621
1621,101622
1622,101623
1623,101624
1624,101625
1625,101626
1626,101627
1627,101628
1628,101629
1629,101630
1630,101631
1631,101632
1632,101633
1633,101634
1634,101635
1635,101636
1636,101637
1637,101638
1638,101639
1639,101640
1640,101641
1641,101642
1642,101643
1643,101644
1644,101645
1645,101646
1646,101647
1647,101648
1648,101649
1649,101650
1650,101651
1651,101652
1652,101653
1653,101654
1654,101655
1655,101656
1656,101657
1657,101658
1658,101659
1659,101660
1660,101661
1661,101662
1662,101663
1663,101664
1664,101665
1665,101666
1666,101667
1667,101668
1668,101669
1669,101670
1670,101671
1671,101672
1672,101673
1673,101674
1674,101675
1675,101676
1676,101677
1677,101678
1678,101679
1679,101680
1680,101681
1681,101682
1682,101683
1683,101684
1684,101685
1685,101686
1686,101687
1687,101688
1688,101689
1689,101690
1690,101691
1691,101692
1692,101693
1693,101694
1694,101695
1695,101696
1696,101697
1697,101698
1698,101699
1699,101700
1700,101701
1701,101702
1702,101703
1703,101704
1704,101705
1705,101706
1706,101707
1707,101708
1708,101709
1709,101710
1710,101711
1711,101712
1712,101713
1713,101714
1714,101715
1715,101716
1716,101717
1717,101718
1718,101719
1719,101720
1720,101721
1721,101722
1722,101723
1723,101724
1724,101725
1725,101726
1726,101727
1727,101728
1728,101729
1729,101730
1730,101731
1731,101732
1732,101733
1733,101734
1734,101735
1735,101736
1736,101737
1737,101738
1738,101739
1739,101740
1740,101741
1741,101742
1742,101743
1743,101744
1744,101745
1745,101746
1746,101747
1747,101748
1748,101749
1749,101750
1750,101751
1751,101752
1752,101753
1753,101754
1754,101755
1755,101756
1756,101757
1757,101758
1758,101759
1759,101760
1760,101761
1761,101762
1762,101763
1763,101764
1764,101765
1765,101766
1766,101767
1767,101768
1768,101769
1769,101770
1770,101771
1771,101772
1772,101773
1773,101774
1774,101775
1775,101776
1776,101777
1777,101778
1778,101779
1779,101780
1780,101781
1781,101782
1782,101783
1783,101784
1784,101785
1785,101786
1786,101787
1787,101788
1788,101789
1789,101790
1790,101791
1791,101792
1792,101793
1793,101794
1794,101795
1795,101796
1796,101797
1797,101798
1798,101799
1799,101800
1800,101801
1801,101802
1802,101803
1803,101804
1804,101805
1805,101806
1806,101807
1807,101808
1808,101809
1809,101810
1810,101811
1811,101812
1812,101813
1813,101814
1814,101815
1815,101816
1816,101817
1817,101818
1818,101819
1819,101820
1820,101821
1821,101822
1822,101823
1823,101824
1824,101825
1825,101826
1826,101827
1827,101828
1828,101829
1829,101830
1830,101831
1831,101832
1832,101833
1833,101834
1834,101835
1835,101836
1836,101837
1837,101838
1838,101839
1839,101840
1840,101841
1841,101842
1842,101843
1843,101844
1844,101845
1845,101846
1846,101847
1847,101848
1848,101849
1849,101850
1850,101851
1851,101852
1852,101853
1853,101854
1854,101855
1855,101856
1856,101857
1857,101858
1858,101859
1859,101860
1860,101861
1861,101862
1862,101863
1863,101864
1864,101865
1865,101866
1866,101867
1867,101868
1868,101869
1869,101870
1870,101871
1871,101872
1872,101873
1873,101874
1874,101875
1875,101876
1876,101877
1877,101878
1878,101879
1879,101880
1880,101881
1881,101882
1882,101883
1883,101884
1884,101885
1885,101886
1886,101887
1887,101888
1888,101889
1889,101890
1890,101891
1891,101892
1892,101893
1893,101894
1894,101895
1895,101896
1896,101897
1897,101898
1898,101899
1899,101900
1900,101901
1901,101902
1902,101903
1903,101904
1904,101905
1905,101906
1906,101907
1907,101908
1908,101909
1909,101910
1910,101911
1911,101912
1912,101913
1913,101914
1914,101915
1915,101916
1916,101917
1917,101918
1918,101919
1919,101920
1920,101921
1921,101922
1922,101923
1923,101924
1924,101925
1925,101926
1926,101927
1927,101928
1928,101929
1929,101930
1930,101931
1931,101932
1932,101933
1933,101934
1934,101935
1935,101936
1936,101937
1937,101938
1938,101939
1939,101940
1940,101941
1941,101942
1942,101943
1943,101944
1944,101945
1945,101946
1946,101947
1947,101948
1948,101949
1949,101950
1950,101951
1951,101952
1952,101953
1953,101954
1954,101955
1955,101956
1956,101957
1957,101958
1958,101959
1959,101960
1960,101961
1961,101962
1962,101963
1963,101964
1964,101965
1965,101966
1966,101967
1967,101968
1968,101969
1969,101970
1970,101971
1971,101972
1972,101973
1973,101974
1974,101975
1975,101976
1976,101977
1977,101978
1978,101979
1979,101980
1980,101981
1981,101982
1982,101983
1983,101984
1984,101985
1985,101986
1986,101987
1987,101988
1988,101989
1989,101990
1990,101991
1991,101992
1992,101993
1993,101994
1994,101995
1995,101996
1996,101997
1997,101998
1998,101999
1999,102000
2000,102001
2001,102002
2002,102003
2003,102004
2004,102005
2005,102006
2006,102007
2007,102008
2008,102009
2009,102010
2010,102011
2011,102012
2012,102013
2013,102014
2014,102015
2015,102016
2016,102017
2017,102018
2018,102019
2019,102020
2020,102021
2021,102022
2022,102023
2023,102024
2024,102025
2025,102026
2026,102027
2027,102028
2028,102029
2029,102030
2030,102031
2031,102032
2032,102033
2033,102034
2034,102035
2035,102036
2036,102037
2037,102038
2038,102039
2039,102040
2040,102041
2041,102042
2042,102043
2043,102044
2044,102045
2045,102046
2046,102047
2047,102048
2048,102049
2049,102050
2050,102051
2051,102052
2052,102053
2053,102054
2054,102055
2055,102056
2056,102057
2057,102058
2058,102059
2059,102060
2060,102061
2061,102062
2062,102063
2063,102064
2064,102065
2065,102066
2066,102067
2067,102068
2068,102069
2069,102070
2070,102071
2071,102072
2072,102073
2073,102074
2074,102075
2075,102076
2076,102077
2077,102078
2078,102079
2079,102080
2080,102081
2081,102082
2082,102083
2083,102084
2084,102085
2085,102086
2086,102087
2087,102088
2088,102089
2089,102090
2090,102091
2091,102092
2092,102093
2093,102094
2094,102095
2095,102096
2096,102097
2097,102098
2098,102099
2099,102100
2100,102101
2101,102102
2102,102103
2103,102104
2104,102105
2105,102106
2106,102107
2107,102108
2108,102109
2109,102110
2110,102111
2111,102112
2112,102113
2113,102114
2114,102115
2115,102116
2116,102117
2117,102118
2118,102119
2119,102120
2120,102121
2121,102122
2122,102123
2123,102124
2124,102125
2125,102126
2126,102127
2127,102128
2128,102129
2129,102130
2130,102131
2131,102132
2132,102133
2133,102134
2134,102135
2135,102136
2136,102137
2137,102138
2138,102139
2139,102140
2140,102141
2141,102142
2142,102143
2143,102144
2144,102145
2145,102146
2146,102147
2147,102148
2148,102149
2149,102150
2150,102151
2151,102152
2152,102153
2153,102154
2154,102155
2155,102156
2156,102157
2157,102158
2158,102159
2159,102160
2160,102161
2161,102162
2162,102163
2163,102164
2164,102165
2165,102166
2166,102167
2167,102168
2168,102169
2169,102170
2170,102171
2171,102172
2172,102173
2173,102174
2174,102175
2175,102176
2176,102177
2177,102178
2178,102179
2179,102180
2180,102181
2181,102182
2182,102183
2183,102184
2184,102185
2185,102186
2186,102187
2187,102188
2188,102189
2189,102190
2190,102191
2191,102192
2192,102193
2193,102194
2194,102195
2195,102196
2196,102197
2197,102198
2198,102199
2199,102200
2200,102201
2201,102202
2202,102203
2203,102204
2204,102205
2205,102206
2206,102207
2207,102208
2208,102209
2209,102210
2210,102211
2211,102212
2212,102213
2213,102214
2214,102215
2215,102216
2216,102217
2217,102218
2218,102219
2219,102220
2220,102221
2221,102222
2222,102223
2223,102224
2224,102225
2225,102226
2226,102227
2227,102228
2228,102229
2229,102230
2230,102231
2231,102232
2232,102233
2233,102234
2234,102235
2235,102236
2236,102237
2237,102238
2238,102239
2239,102240
2240,102241
2241,102242
2242,102243
2243,102244
2244,102245
2245,102246
2246,102247
2247,102248
2248,102249
2249,102250
2250,102251
2251,102252
2252,102253
2253,102254
2254,102255
2255,102256
2256,102257
2257,102258
2258,102259
2259,102260
2260,102261
2261,102262
2262,102263
2263,102264
2264,102265
2265,102266
2266,102267
2267,102268
2268,102269
2269,102270
2270,102271
2271,102272
2272,102273
2273,102274
2274,102275
2275,102276
2276,102277
2277,102278
2278,102279
2279,102280
2280,102281
2281,102282
2282,102283
2283,102284
2284,102285
2285,102286
2286,102287
2287,102288
2288,102289
2289,102290
2290,102291
2291,102292
2292,102293
2293,102294
2294,102295
2295,102296
2296,102297
2297,102298
2298,102299
2299,102300
2300,102301
2301,102302
2302,102303
2303,102304
2304,102305
2305,102306
2306,102307
2307,102308
2308,102309
2309,102310
2310,102311
2311,102312
2312,102313
2313,102314
2314,102315
2315,102316
2316,102317
2317,102318
2318,102319
2319,102320
2320,102321
2321,102322
2322,102323
2323,102324
2324,102325
2325,102326
2326,102327
2327,102328
2328,102329
2329,102330
2330,102331
2331,102332
2332,102333
2333,102334
2334,102335
2335,102336
2336,102337
2337,102338
2338,102339
2339,102340
2340,102341
2341,102342
2342,102343
2343,102344
2344,102345
2345,102346
2346,102347
2347,102348
2348,102349
2349,102350
2350,102351
2351,102352
2352,102353
2353,102354
2354,102355
2355,102356
2356,102357
2357,102358
2358,102359
2359,102360
2360,102361
2361,102362
2362,102363
2363,102364
2364,102365
2365,102366
2366,102367
2367,102368
2368,102369
2369,102370
2370,102371
2371,102372
2372,102373
2373,102374
2374,102375
2375,102376
2376,102377
2377,102378
2378,102379
2379,102380
2380,102381
2381,102382
2382,102383
2383,102384
2384,102385
2385,102386
2386,102387
2387,102388
2388,102389
2389,102390
2390,102391
2391,102392
2392,102393
2393,102394
2394,102395
2395,102396
2396,102397
2397,102398
2398,102399
2399,102400
2400,102401
2401,102402
2402,102403
2403,102404
2404,102405
2405,102406
2406,102407
2407,102408
2408,102409
2409,102410
2410,102411
2411,102412
2412,102413
2413,102414
2414,102415
2415,102416
2416,102417
2417,102418
2418,102419
2419,102420
2420,102421
2421,102422
2422,102423
2423,102424
2424,102425
2425,102426
2426,102427
2427,102428
2428,102429
2429,102430
2430,102431
2431,102432
2432,102433
2433,102434
2434,102435
2435,102436
2436,102437
2437,102438
2438,102439
2439,102440
2440,102441
2441,102442
2442,102443
2443,102444
2444,102445
2445,102446
2446,102447
2447,102448
2448,102449
2449,102450
2450,102451
2451,102452
2452,102453
2453,102454
2454,102455
2455,102456
2456,102457
2457,102458
2458,102459
2459,102460
2460,102461
2461,102462
2462,102463
2463,102464
2464,102465
2465,102466
2466,102467
2467,102468
2468,102469
2469,102470
2470,102471
2471,102472
2472,102473
2473,102474
2474,102475
2475,102476
2476,102477
2477,102478
2478,102479
2479,102480
2480,102481
2481,102482
2482,102483
2483,102484
2484,102485
2485,102486
2486,102487
2487,102488
2488,102489
2489,102490
2490,102491
2491,102492
2492,102493
2493,102494
2494,102495
2495,102496
2496,102497
2497,102498
2498,102499
2499,102500
2500,102501
2501,102502
2502,102503
2503,102504
2504,102505
2505,102506
2506,102507
2507,102508
2508,102509
2509,102510
2510,102511
2511,102512
2512,102513
2513,102514
2514,102515
2515,102516
2516,102517
2517,102518
2518,102519
2519,102520
2520,102521
2521,102522
2522,102523
2523,102524
2524,102525
2525,102526
2526,102527
2527,102528
2528,102529
2529,102530
2530,102531
2531,102532
2532,102533
2533,102534
2534,102535
2535,102536
2536,102537
2537,102538
2538,102539
2539,102540
2540,102541
2541,102542
2542,102543
2543,102544
2544,102545
2545,102546
2546,102547
2547,102548
2548,102549
2549,102550
2550,102551
2551,102552
2552,102553
2553,102554
2554,102555
2555,102556
2556,102557
2557,102558
2558,102559
2559,102560
2560,102561
2561,102562
2562,102563
2563,102564
2564,102565
2565,102566
2566,102567
2567,102568
2568,102569
2569,102570
2570,102571
2571,102572
2572,102573
2573,102574
2574,102575
2575,102576
2576,102577
2577,102578
2578,102579
2579,102580
2580,102581
2581,102582
2582,102583
2583,102584
2584,102585
2585,102586
2586,102587
2587,102588
2588,102589
2589,102590
2590,102591
2591,102592
2592,102593
2593,102594
2594,102595
2595,102596
2596,102597
2597,102598
2598,102599
2599,102600
2600,102601
2601,102602
2602,102603
2603,102604
2604,102605
2605,102606
2606,102607
2607,102608
2608,102609
2609,102610
2610,102611
2611,102612
2612,102613
2613,102614
2614,102615
2615,102616
2616,102617
2617,102618
2618,102619
2619,102620
2620,102621
2621,102622
2622,102623
2623,102624
2624,102625
2625,102626
2626,102627
2627,102628
2628,102629
2629,102630
2630,102631
2631,102632
2632,102633
2633,102634
2634,102635
2635,102636
2636,102637
2637,102638
2638,102639
2639,102640
2640,102641
2641,102642
2642,102643
2643,102644
2644,102645
2645,102646
2646,102647
2647,102648
2648,102649
2649,102650
2650,102651
2651,102652
2652,102653
2653,102654
2654,102655
2655,102656
2656,102657
2657,102658
2658,102659
2659,102660
2660,102661
2661,102662
2662,102663
2663,102664
2664,102665
2665,102666
2666,102667
2667,102668
2668,102669
2669,102670
2670,102671
2671,102672
2672,102673
2673,102674
2674,102675
2675,102676
2676,102677
2677,102678
2678,102679
2679,102680
2680,102681
2681,102682
2682,102683
2683,102684
2684,102685
2685,102686
2686,102687
2687,102688
2688,102689
2689,102690
2690,102691
2691,102692
2692,102693
2693,102694
2694,102695
2695,102696
2696,102697
2697,102698
2698,102699
2699,102700
2700,102701
2701,102702
2702,102703
2703,102704
2704,102705
2705,102706
2706,102707
2707,102708
2708,102709
2709,102710
2710,102711
2711,102712
2712,102713
2713,102714
2714,102715
2715,102716
2716,102717
2717,102718
2718,102719
2719,102720
2720,102721
2721,102722
2722,102723
2723,102724
2724,102725
2725,102726
2726,102727
2727,102728
2728,102729
2729,102730
2730,102731
2731,102732
2732,102733
2733,102734
2734,102735
2735,102736
2736,102737
2737,102738
2738,102739
2739,102740
2740,102741
2741,102742
2742,102743
2743,102744
2744,102745
2745,102746
2746,102747
2747,102748
2748,102749
2749,102750
2750,102751
2751,102752
2752,102753
2753,102754
2754,102755
2755,102756
2756,102757
2757,102758
2758,102759
2759,102760
2760,102761
2761,102762
2762,102763
2763,102764
2764,102765
2765,102766
2766,102767
2767,102768
2768,102769
2769,102770
2770,102771
2771,102772
2772,102773
2773,102774
2774,102775
2775,102776
2776,102777
2777,102778
2778,102779
2779,102780
2780,102781
2781,102782
2782,102783
2783,102784
2784,102785
2785,102786
2786,102787
2787,102788
2788,102789
2789,102790
2790,102791
2791,102792
2792,102793
2793,102794
2794,102795
2795,102796
2796,102797
2797,102798
2798,102799
2799,102800
2800,102801
2801,102802
2802,102803
2803,102804
2804,102805
2805,102806
2806,102807
2807,102808
2808,102809
2809,102810
2810,102811
2811,102812
2812,102813
2813,102814
2814,102815
2815,102816
2816,102817
2817,102818
2818,102819
2819,102820
2820,102821
2821,102822
2822,102823
2823,102824
2824,102825
2825,102826
2826,102827
2827,102828
2828,102829
2829,102830
2830,102831
2831,102832
2832,102833
2833,102834
2834,102835
2835,102836
2836,102837
2837,102838
2838,102839
2839,102840
2840,102841
2841,102842
2842,102843
2843,102844
2844,102845
2845,102846
2846,102847
2847,102848
2848,102849
2849,102850
2850,102851
2851,102852
2852,102853
2853,102854
2854,102855
2855,102856
2856,102857
2857,102858
2858,102859
2859,102860
2860,102861
2861,102862
2862,102863
2863,102864
2864,102865
2865,102866
2866,102867
2867,102868
2868,102869
2869,102870
2870,102871
2871,102872
2872,102873
2873,102874
2874,102875
2875,102876
2876,102877
2877,102878
2878,102879
2879,102880
2880,102881
2881,102882
2882,102883
2883,102884
2884,102885
2885,102886
2886,102887
2887,102888
2888,102889
2889,102890
2890,102891
2891,102892
2892,102893
2893,102894
2894,102895
2895,102896
2896,102897
2897,102898
2898,102899
2899,102900
2900,102901
2901,102902
2902,102903
2903,102904
2904,102905
2905,102906
2906,102907
2907,102908
2908,102909
2909,102910
2910,102911
2911,102912
2912,102913
2913,102914
2914,102915
2915,102916
2916,102917
2917,102918
2918,102919
2919,102920
2920,102921
2921,102922
2922,102923
2923,102924
2924,102925
2925,102926
2926,102927
2927,102928
2928,102929
2929,102930
2930,102931
2931,102932
2932,102933
2933,102934
2934,102935
2935,102936
2936,102937
2937,102938
2938,102939
2939,102940
2940,102941
2941,102942
2942,102943
2943,102944
2944,102945
2945,102946
2946,102947
2947,102948
2948,102949
2949,102950
2950,102951
2951,102952
2952,102953
2953,102954
2954,102955
2955,102956
2956,102957
2957,102958
2958,102959
2959,102960
2960,102961
2961,102962
2962,102963
2963,102964
2964,102965
2965,102966
2966,102967
2967,102968
2968,102969
2969,102970
2970,102971
2971,102972
2972,102973
2973,102974
2974,102975
2975,102976
2976,102977
2977,102978
2978,102979
2979,102980
2980,102981
2981,102982
2982,102983
2983,102984
2984,102985
2985,102986
2986,102987
2987,102988
2988,102989
2989,102990
2990,102991
2991,102992
2992,102993
2993,102994
2994,102995
2995,102996
2996,102997
2997,102998
2998,102999
2999,103000
3000,103001
3001,103002
3002,103003
3003,103004
3004,103005
3005,103006
3006,103007
3007,103008
3008,103009
3009,103010
3010,103011
3011,103012
3012,103013
3013,103014
3014,103015
3015,103016
3016,103017
3017,103018
3018,103019
3019,103020
3020,103021
3021,103022
3022,103023
3023,103024
3024,103025
3025,103026
3026,103027
3027,103028
3028,103029
3029,103030
3030,103031
3031,103032
3032,103033
3033,103034
3034,103035
3035,103036
3036,103037
3037,103038
3038,103039
3039,103040
3040,103041
3041,103042
3042,103043
3043,103044
3044,103045
3045,103046
3046,103047
3047,103048
3048,103049
3049,103050
3050,103051
3051,103052
3052,103053
3053,103054
3054,103055
3055,103056
3056,103057
3057,103058
3058,103059
3059,103060
3060,103061
3061,103062
3062,103063
3063,103064
3064,103065
3065,103066
3066,103067
3067,103068
3068,103069
3069,103070
3070,103071
3071,103072
3072,103073
3073,103074
3074,103075
3075,103076
3076,103077
3077,103078
3078,103079
3079,103080
3080,103081
3081,103082
3082,103083
3083,103084
3084,103085
3085,103086
3086,103087
3087,103088
3088,103089
3089,103090
3090,103091
3091,103092
3092,103093
3093,103094
3094,103095
3095,103096
3096,103097
3097,103098
3098,103099
3099,103100
3100,103101
3101,103102
3102,103103
3103,103104
3104,103105
3105,103106
3106,103107
3107,103108
3108,103109
3109,103110
3110,103111
3111,103112
3112,103113
3113,103114
3114,103115
3115,103116
3116,103117
3117,103118
3118,103119
3119,103120
3120,103121
3121,103122
3122,103123
3123,103124
3124,103125
3125,103126
3126,103127
3127,103128
3128,103129
3129,103130
3130,103131
3131,103132
3132,103133
